EMPTY\,name,fh_shortname,account_tier,lead_id,location_city,location_country,location_region,fh_site
EMPTY\,wondervan.pt,wondervan,2,lead_AiTcqe4WfrGkFQ4SvepcCtPE1b4KPZCwDVclp9tYqaR,Ericeira,Portugal,EMEA,Yes
EMPTY\,gwili-railway.co.uk,gwilirailway,2,lead_7SD7oD9ExKciqhXwl7x5GwaUukyTnVjoo6lXv22U4T0,Carmarthen,United Kingdom,EMEA,Yes
EMPTY\,segwaytrip.com,wondertours,2,lead_0Bg52RA3sRu89OvhYckYDveSBaVpbNJ4DFUQjIvatmm,Madrid,Spain,EMEA,Yes
EMPTY\,bmr.wales,bmr,3,lead_3d8Pg8riohg3XR61APvAdpI1newzMm0W3jOjaYqUzjg,Merthyr Tydfil,United Kingdom,EMEA,Yes
EMPTY\,amsterdamcircleline.nl,amsterdamcircleline,3,lead_Bf2oBB1KyeysNE6Xr8DUrjqrI8ZzLwU0F3Ng8J2vDn2,Amsterdam,Netherlands,EMEA,Yes
EMPTY\,castlearchdaleboathire.com,castlearchdaleboathire,2,lead_FZyNFxWh7jnYoCH5hCS9lciiNWHChIueVY04S8OQe3z,Lisnarick,United Kingdom,EMEA,Yes
EMPTY\,tasteoflisboa.com,tasteoflisboa,2,lead_HJyyGK0VLW3RQ4cjXRbT0Dpp8GvOPnE8len1pqOwXQ5,Torres Vedras,Portugal,EMEA,Yes
EMPTY\,spanish-trails.com,spanish-trails,2,lead_MTCyhp1koW1eNHKuyJSXY5Ri3TPFs6LUneTG9OCtb2R,Barcelona,Spain,EMEA,Yes
EMPTY\,toursofpompeii.com,toursofpompeii,2,lead_8C27XDEZHbcDQFqoOsgbbfFXCMJAk2FjTinFdGMIPLR,Rome,Italy,EMEA,Yes
EMPTY\,captaindaveamsterdam.com,captaindaveamsterdam,2,lead_R3z7ISUDbWav31Gy4IKtctgX7v0e2BWTOLevCdBhLlL,Amsterdam,Netherlands,EMEA,Yes
EMPTY\,mundomarino.es,mundomarino,4,lead_TNZMS5SS4qkHUUDNgnAG5sCO5azMyb8lVpQK4sgxotu,Málaga,Spain,EMEA,Yes
EMPTY\,sorrentofoodtours.com,sorrentofoodtours,2,lead_OxItVfNDa1wlNMWUp1fNHlXvSOz2jsLeHHqEDGJ1xHw,Sorrento,Italy,EMEA,Yes
EMPTY\,localexpertstours.com,donostyletours,3,lead_Pzjz23dzv77qspLmAlNthk6peNSu06O0DrjIlSZEnO1,San Sebastian,Spain,EMEA,Yes
EMPTY\,foodlovertour.com,foodlovertourlisbon,3,lead_WzhTfkpxAnEVDKRlSorGLqZn0TOcs4I7b6J9tgQvOuj,Lisbon,Portugal,EMEA,Yes
EMPTY\,foodlovertour.com,foodlovertourporto,3,lead_WzhTfkpxAnEVDKRlSorGLqZn0TOcs4I7b6J9tgQvOuj,Marseille,France,EMEA,Yes
EMPTY\,foodlovertour.com,foodlovertourmalaga,3,lead_WzhTfkpxAnEVDKRlSorGLqZn0TOcs4I7b6J9tgQvOuj,Seville,Spain,EMEA,Yes
EMPTY\,bfl.no,bfl,3,lead_XCqN0ATs1ZtcMbKlk0xZqWlzyXegDyw3Srnb4BgahYN,Jostedal,Norway,EMEA,Yes
EMPTY\,vintageteatrips.ie,vintageteatours,3,lead_VFQT6xUtf9c04mNwpLZ14nq4y47V0HjupmzDwVdt5e2,Dublin,Ireland,EMEA,Yes
EMPTY\,foodlovertour.com,foodlovertourrome,3,lead_WzhTfkpxAnEVDKRlSorGLqZn0TOcs4I7b6J9tgQvOuj,Seville,Spain,EMEA,Yes
EMPTY\,foodlovertour.com,foodlovertourvalencia,3,lead_WzhTfkpxAnEVDKRlSorGLqZn0TOcs4I7b6J9tgQvOuj,Istanbul,Turkey,EMEA,Yes
EMPTY\,weliketuscany.it,weliketuscany,2,lead_UQlYbEyYL4oiibAJE1QtOLty9Nak8oJQefw5kPejYSO,Florence,Italy,EMEA,Yes
EMPTY\,foodlovertour.com,foodlovertourmadrid,3,lead_WzhTfkpxAnEVDKRlSorGLqZn0TOcs4I7b6J9tgQvOuj,Bordeaux,France,EMEA,Yes
EMPTY\,foodlovertour.com,foodlovertourmumbai,3,lead_WzhTfkpxAnEVDKRlSorGLqZn0TOcs4I7b6J9tgQvOuj,Granada,Spain,EMEA,Yes
EMPTY\,foodlovertour.com,foodlovertourmarseille,3,lead_WzhTfkpxAnEVDKRlSorGLqZn0TOcs4I7b6J9tgQvOuj,Rome,Italy,EMEA,Yes
EMPTY\,sardinianaturalparktours.com,sardinianaturalparktours,2,lead_AddDYADDQnN4Tc4ERBGPVaUg8RIpVQqscAuIfStya2b,Baunei,Italy,EMEA,Yes
EMPTY\,vynea.pt,bagoduva360,2,lead_CRp9NNEELKxu6a63JxAgSSTUxd3K7deNSf2IXHz9AMv,Mazarefes,Portugal,EMEA,Yes
EMPTY\,berlinonbike.de,berlinonbike,3,lead_JIlRQVBpol4RCdxPUMJvmmiGtvqDQjDXz4ZMtJlbPZw,Berlin,Germany,EMEA,Yes
EMPTY\,romeyourwaytours.com,romeyourwaytours,2,lead_KqgQWjsYn9VFPx4F1joknPNHHXxz5EFdI064Jf1Z610,Rome,Italy,EMEA,Yes
EMPTY\,seasportsmallorca.com,seasportsmallorca,2,lead_N16FDfi8gepiZg6K2YhGU5ptdF6W9jVzSy7TFkO6Z13,Cala Millor,Spain,EMEA,Yes
EMPTY\,foodlovertour.com,foodlovertourbordeaux,3,lead_WzhTfkpxAnEVDKRlSorGLqZn0TOcs4I7b6J9tgQvOuj,Marseille,France,EMEA,Yes
EMPTY\,mikesbiketours.com,mikesbiketours,3,lead_WvYbkaHCG8NiAKXOAsVPV82pDltzq4aB3qmCBLFFQL9,Munich,Germany,EMEA,Yes
EMPTY\,foodlovertour.com,foodlovertourbarcelona,3,lead_WzhTfkpxAnEVDKRlSorGLqZn0TOcs4I7b6J9tgQvOuj,Bordeaux,France,EMEA,Yes
EMPTY\,foodlovertour.com,foodlovertourgranada,3,lead_WzhTfkpxAnEVDKRlSorGLqZn0TOcs4I7b6J9tgQvOuj,Naples,Italy,EMEA,Yes
EMPTY\,sunlines.fi,sunlines,2,lead_ZudHpSoKqjM4EckkJ1WIfHMh3Cv0YqZqixnsGZYQDka,Helsinki,Finland,EMEA,Yes
EMPTY\,foodlovertour.com,foodlovertourseville,3,lead_WzhTfkpxAnEVDKRlSorGLqZn0TOcs4I7b6J9tgQvOuj,Barcelona,Spain,EMEA,Yes
EMPTY\,leedscookeryschool.org.uk,leedscookeryschool,2,lead_f2k0GwnAGAAl4bRxB6YzFuoHg8gbjEvlY1Nu0DB1BtG,Leeds,United Kingdom,EMEA,Yes
EMPTY\,visitnordfjordeid.no,visit-nordfjordeid,4,lead_jjIELK1f2wzjAzs50DYTkAaCgcbhdI8XQMKJBqB5jUo,Dalsoyra,Norway,EMEA,Yes
EMPTY\,aranislandsbikehire.com,aranislandsbikehire,3,lead_RSP730Qbik8lk39Ybl1JTgHP9e2BWFdpI6HIZMmmMOU,Kilronan,Ireland,EMEA,Yes
EMPTY\,watersports-lanzarote.com,watersports-lanzarote,2,lead_lfMikxH41ObObmrRqeJb4klJm6aXhzfU1wPj0hS95r4,Puerto del Carmen,Spain,EMEA,Yes
EMPTY\,huckleberrywoods.co.uk,huckleberrywoods,2,lead_H0NB70R6LN5mm2GKk5f3ZjtFtbTIMLiv0FDtG7tMOVb,Buckland,United Kingdom,EMEA,Yes
EMPTY\,theclubhousestoke.com,theclubhousestoke,3,lead_Wved7s8TZnQxKCdwmETEp3nPNcqoXVVwvdZNdEtPiba,Newcastle Under Lyme,United Kingdom,EMEA,Yes
EMPTY\,flamingoexperiences.com,flamingoexperiences,2,lead_R78Bwu945idBlphMtX4aKqjxbsPOLvgdAd5WPUy1oo7,Sintra,Portugal,EMEA,Yes
EMPTY\,rota-dos-cetaceos.pt,rota-dos-cetaceos,2,lead_kKDptr5iEDX5LHa9PNbKmZIbNYyrcPLToCLyiYHRPGi,Funchal,Portugal,EMEA,Yes
EMPTY\,oleirlandatours.com,oleirlandatours,2,lead_xES1KITrI0lkJlTk5cLh2OTSpfCpaCxi1sBcOleEd7G,Dublin,Ireland,EMEA,Yes
EMPTY\,chateau-pape-clement.fr,chateau-pape-clement,2,lead_MHcEljsFGLwdWlqKfrCrL0kAyGHBBbx2h7z18qloKaQ,Pessac,France,EMEA,Yes
EMPTY\,sensation-bcn.es,sensation-bcn,3,lead_Gy8bi0X9APxVFH8IZebOHuAp8bBEH9UDzg5bJ6PTUAJ,Barcelona,Spain,EMEA,Yes
EMPTY\,festrail.co.uk,festrail,4,lead_GIKwJ7EyQ2pIheNxr01Z3qcsBPvfHsXDSpYmYZJMuc6,Porthmadog,United Kingdom,EMEA,Yes
EMPTY\,myhealthyway.co.uk,myhealthyway,3,lead_0mV3PQn67b7KTfgYFQhCF7TC9zOXeq15W63gwTKkYBT,Gloucester,United Kingdom,EMEA,Yes
EMPTY\,alhambraonline.com,alhambraonline,3,lead_1zuoF9OCuPauRwtKGGCBVPnKMTt7XY1VEkP2tkMs7nI,Granada,Spain,EMEA,Yes
EMPTY\,walkingtoursin.com,walkingtoursin,2,lead_a9eztlXcrifF3Qd9rxTOe3aIo9Du7LMTQy2IhE7QF5q,Glasgow,United Kingdom,EMEA,Yes
EMPTY\,oportoroadtrips.com,oportoroadtrips,3,lead_W4yLyMY5HiODIWzvSRYzH3BCYoPqDpkAeS9aDHNiiWK,Porto,Portugal,EMEA,Yes
EMPTY\,tierrasaltasescocia.com,tierrasaltasescocia,3,lead_UePHtAC7YmekpmdDDS1A9tjN1jtuWXfwvCLVjMLcBfw,Edinburgh,United Kingdom,EMEA,Yes
EMPTY\,gotlandcharter.com,gotlandcharter,3,lead_Gy8bi0X9APxVFH8IZebOHuAp8bBEH9UDzg5bJ6PTUAJ,Barcelona,Spain,EMEA,Yes
EMPTY\,moroccanfoodadventures.com,marrakechfoodtours,2,lead_IwYsLkxb1q22rhTXGG6dVN64pL1BeP9t1ZXh7mbLsww,Marrakech,Morocco,EMEA,Yes
EMPTY\,ecotours.cz,ecotourscz,2,lead_MvXqTsd8IN0AQOrcLB8I0GlpMwZKBsYG23TTCaONj2n,Prague,Czech Republic,EMEA,Yes
EMPTY\,macbike.nl,macbike-all,3,lead_NAzfCpw92aU9YwNSU1TmMDB06UC8VK1Xezp0ol9Yzls,Amsterdam,Netherlands,EMEA,Yes
EMPTY\,cityrama.pt,cityrama,2,lead_wifb2evf4JRL1OwJMqSDWE4ymZInnlBXEuq2LvPjTcf,Lisbon,Portugal,EMEA,Yes
EMPTY\,weetoasttours.com,weetoasttours,2,lead_x4m8vwuTIHBHMoAd46i2YJalAkMqzgVO089dnUbwrj2,Manchester,United Kingdom,EMEA,Yes
EMPTY\,praguecityadventures.com,praguecityadventures,2,lead_DmUFdUae4LBD701PhdOyJNvIGSrfGFs70udZIElvd2J,Prague,Czech Republic,EMEA,Yes
EMPTY\,skualo.com,skualo,2,lead_Fo23vO5EW3UkbHifIbcFaqk2a1lLqjaesR5AXQvwUhx,Portocolom,Spain,EMEA,Yes
EMPTY\,ohmycodtours.com,ohmycod,3,lead_Mu8JKoHKs216prAeWY5waFQ3eA8DYiZaGz5YYnyhnTR,Lisbon,Portugal,EMEA,Yes
EMPTY\,stockholmadventures.com,stockholmadventures,3,lead_TnDiKa41VJjjXB9thmdVLFbpNTQT6dAKQEeyf8YDPVK,Stockholm,Sweden,EMEA,Yes
EMPTY\,huskyco.fi,huskyco,3,lead_UCJ2hAEJCmXpZoWFVXhcbVhszvXTzNv7t22i7jwIAxh,Inari,Finland,EMEA,Yes
EMPTY\,tropeasub.it,tropeasub,2,lead_YFXusiPx74eBTloQpxOX8Hbgfae5rjF0NaHrTKY3Rha,Tropea,Italy,EMEA,Yes
EMPTY\,basecampeurope.com,basecampeurope,3,lead_8JsWFMDRJaDdpMex6JYcWl1zKxjymTnCmCbnSEMfNoG,Lugano,Switzerland,EMEA,Yes
EMPTY\,hautesterresecosse.com,tierrasaltasescocia,3,lead_UePHtAC7YmekpmdDDS1A9tjN1jtuWXfwvCLVjMLcBfw,Edinburgh,United Kingdom,EMEA,Yes
EMPTY\,jamieolivercookeryschool.com,jamieolivercookeryschool,3,lead_WY4jCcosGLn0p00zZEIteIgGt1UalPXWJ3xDSuCB2AW,London,United Kingdom,EMEA,Yes
EMPTY\,swedenhistorytours.se,swedenhistorytours,2,lead_C4rqQUK9HxGbZeJUIs0o7SVtMR9E7hPSDUDKhBn2SrV,Stockholm,Sweden,EMEA,Yes
EMPTY\,weetoasttours.com,weetoasttours-liverpool,2,lead_x4m8vwuTIHBHMoAd46i2YJalAkMqzgVO089dnUbwrj2,London,United Kingdom,EMEA,Yes
EMPTY\,hautesterresdecosse.com,hautes-terres-decosse,2,lead_I3bMsxRWYg8WTvn2YJFejLLmO07njrOqxVCcMfSRIbJ,Edinburgh,United Kingdom,EMEA,Yes
EMPTY\,privatetoursofvenice.com,privatetoursofvenice,2,lead_8C27XDEZHbcDQFqoOsgbbfFXCMJAk2FjTinFdGMIPLR,Rome,Italy,EMEA,Yes
EMPTY\,romantictouramsterdam.com,romantictouramsterdam,2,lead_ZjTnhKBBdVslECTrkq36oRdSqZHQK8Kj5P5skTjrM8B,Amsterdam,Netherlands,EMEA,Yes
EMPTY\,smidtjecanalcruises.nl,smidtjecanalcruises,3,lead_Bf2oBB1KyeysNE6Xr8DUrjqrI8ZzLwU0F3Ng8J2vDn2,Haarlem,Netherlands,EMEA,Yes
EMPTY\,scottishroutes.com,scottishroutes,4,lead_b1v2XAd7ULLPm7fnh1vzbIEE5M54Pe9HeFjr6Dk0zLy,Edinburgh,United Kingdom,EMEA,Yes
EMPTY\,wonder.tours,wondertours,2,lead_0Bg52RA3sRu89OvhYckYDveSBaVpbNJ4DFUQjIvatmm,Madrid,Spain,EMEA,Yes
EMPTY\,cityofedinburghtours.com,cityofedinburghtours,2,lead_NCO9L0Iam6GlZdrDdsb8afDCpKFOjfDURw3aNyp4cZR,Edinburgh,United Kingdom,EMEA,Yes
EMPTY\,maxsdive.com,mjtest,4,lead_W8gdsgkvNA623RTMwwdanXnac6hJR2njBugEsTc4kpC,London,Ireland,EMEA,Yes
EMPTY\,valenciabusturistic.com,valenciabusturistic,3,lead_x5gHu3YKZCs2dSOVVRUI9owYCvZhRCSI1uX3MBiNyo0,Valencia,Spain,EMEA,Yes
EMPTY\,kentcookeryschool.co.uk,kentcookeryschool,2,lead_GkD2ZlwFmQ9pSohaNN6yA4ZAa0mQlrHvEJr3haxY0du,Ashford,United Kingdom,EMEA,Yes
EMPTY\,barcelona-orsom.com,barcelona-orsom,3,lead_Gy8bi0X9APxVFH8IZebOHuAp8bBEH9UDzg5bJ6PTUAJ,Barcelona,Spain,EMEA,Yes
EMPTY\,safarimadeira.com,safarimadeira,2,lead_LzUx4NfftzGdHFXhMwYTkZ8Zm2JxLEH9BBpTNp4O0DH,Funchal,Portugal,EMEA,Yes
EMPTY\,b-winemaker.com,chateau-pape-clement,2,lead_MHcEljsFGLwdWlqKfrCrL0kAyGHBBbx2h7z18qloKaQ,Pessac,France,EMEA,Yes
EMPTY\,benagilexpress.com,benagilexpress,2,lead_Ed5U3cruVnooFg1QMeAgoCC8PfDjRNRnPWBE6ieHUUQ,Portimao,Portugal,EMEA,Yes
EMPTY\,erneadventures.com,castlearchdaleboathire,2,lead_FZyNFxWh7jnYoCH5hCS9lciiNWHChIueVY04S8OQe3z,Lisnarick,United Kingdom,EMEA,Yes
EMPTY\,seeyour.city,seeyourcity,3,lead_ZY7Eq52sxdti2vsFdZwIYPdLeNV4AGxq2uaAJyosbrk,,,EMEA,Yes
EMPTY\,reederei-riedel.de,reederei-riedel,2,lead_1LbuA69DuYqFBF9acZkjkl8njJPPzOVhZjKaXQAlSNc,Berlin,Germany,EMEA,Yes
EMPTY\,derostours.com,derostours,2,lead_Hag9abaSPB3uOH7PRkVSnYagF2pIEsjbabDQUWjh0hE,Killarney,Ireland,EMEA,Yes
EMPTY\,brightonbeyondtours.com,brightonbeyondtours,2,lead_QXcTJUW9FTw5gwZz0oNJtNJCsqbF12BI14fzUl0Hh0a,Brighton,United Kingdom,EMEA,Yes
EMPTY\,splashtours.co,liverpoolsplashtours,3,lead_a2KmInpN5Yfam5YJDiudWn8wZG5963qIq6ZUUH6LNoS,Maidenhead,United Kingdom,EMEA,Yes
EMPTY\,hittheroadmadeira.com,hittheroadmadeira,2,lead_bT5R0hBXCv87LrEsjGM2qGwyAFEe4wp1SPiY68wxd4v,Funchal,Portugal,EMEA,Yes
EMPTY\,wienmalanders.at,365days,3,lead_YO3axWiebAUt8N4b3UBLejhmVqmAEwVCCVek1VzZK73,Vienna,Austria,EMEA,Yes
EMPTY\,pinkston.co.uk,pinkston,2,lead_oKdBhVWJ1pY40AUn6lFdWmsnGK2k0RkfMS2E54oF2q8,Glasgow,United Kingdom,EMEA,Yes
EMPTY\,chaumontaventure.ch,chaumontaventure,2,lead_q0mYzkSgAJOMYN0PMt0BqV7goaep2KdRiBpeluY5njO,Chaumont,Switzerland,EMEA,Yes
EMPTY\,boatamsterdam.com,boatamsterdam,3,lead_ThgD1LJeHv26ImUh1He08Xycxuay0qEFlzpwcGQaoda,Amsterdam,Netherlands,EMEA,Yes
EMPTY\,kakslauttanen.fi,kakslauttanen,4,lead_32Jcgu6Zt6SAqKkWu1afK0tE3i2bj5r1uhw7UaNSMya,Saariselkä,Finland,EMEA,Yes
EMPTY\,windsorducktours.co.uk,windsorducktours,3,lead_a2KmInpN5Yfam5YJDiudWn8wZG5963qIq6ZUUH6LNoS,Windsor,United Kingdom,EMEA,Yes
EMPTY\,radiustours.com,radiustours,4,lead_je19uXtU8E0SLlXw5nXwXci7lO7vH9mig9jZ1ciREVm,Munich,Germany,EMEA,Yes
EMPTY\,amsterdamboatexperience.com,amsterdamboatexperience,4,lead_uBlYv7I7u6BmmircNpTlvgt3mmXcJpnil5IEi4m6JdG,Amsterdam,Netherlands,EMEA,Yes
EMPTY\,boomchicago.nl,boomchicago,4,lead_XFm2TBbLn4cJ9AwVrSikKCLON0ASHIUhCukbImvaChv,Amsterdam,Netherlands,EMEA,Yes
EMPTY\,ontales.com,ontales,2,lead_IFIXf5ls3ef5PTg6o3NYej09XD8D7UoQT8EG54hOIBu,Funchal,Portugal,EMEA,Yes
EMPTY\,beerwalks.dk,beer-walks,2,lead_Jwi2zbZvNiExKLDBcTv5IwRs1Tfeks0cDPIwfQuOzk4,Alleroed,Denmark,EMEA,Yes
EMPTY\,sirdalhuskyfarm.no,sirdalhuskyfarm,2,lead_KxnamuNpUr02b8K0FqkbUH0AJRqbsZd3NXs7xOl4Vpd,Sirdal,Norway,EMEA,Yes
EMPTY\,ibetours.com,iberianevents,3,lead_XHtVvSKkyQwP2E46oGSunGNdOWqJmkqD7x1NqPcr99k,Madrid,Spain,EMEA,Yes
EMPTY\,insightactivities.co.uk,insightactivities,2,lead_Sd33JTnLru2O8EZ50Mvt2ERajBDpH9uvoOnguFNb4E2,Dorchester,United Kingdom,EMEA,Yes
EMPTY\,tromsoskiguides.com,tromsoskiguides,2,lead_gaqvSyktVS8QCiEh0yTklwNdSWlqVxsjngr2wNRfhe3,Tromso,Norway,EMEA,Yes
EMPTY\,ecotuktuk.com,ecotuktuk,4,lead_8cR8EZfx5oc0ZSnlIvaaboYaNhjZqeafl92V3Lw7ykv,Madrid,Spain,EMEA,Yes
EMPTY\,ticket-travelcenter-fuessen.com,ticket-travelcenter-fuessen,2,lead_eVIFYzm0zLEb8hdfiyy0PRulrkjzEbomd3SHv1JeexT,Fussen,Germany,EMEA,Yes
EMPTY\,alhambraygeneralife.org,alhambraygeneralife,2,lead_78UXEXY8CQ7Fd4S82QBN9mC55QTrHbEPjW56RcpHUh6,Granada,Spain,EMEA,Yes
EMPTY\,comedyembassy.com,comedyembassy,4,lead_XFm2TBbLn4cJ9AwVrSikKCLON0ASHIUhCukbImvaChv,Utrecht,Netherlands,EMEA,Yes
EMPTY\,hungaroraft.hu,hungaroraft,2,lead_6p0U790PptMmjkrhS99FYUHOeyXTqGctx8RnMa8c3ct,Bovec,Slovenia,EMEA,Yes
EMPTY\,friendshipamsterdam.com,friendshipamsterdam,3,lead_cyxu4gPW4ivyvA6zZvosQK6fbjSn0luO0KQz3HYJYOu,Amsterdam,Netherlands,EMEA,Yes
EMPTY\,iceguide.se,stockholmadventures,3,lead_TnDiKa41VJjjXB9thmdVLFbpNTQT6dAKQEeyf8YDPVK,Stockholm,Sweden,EMEA,Yes
EMPTY\,thevikingplanet.com,thevikingplanet,2,lead_k7I5Zw1etNj76lqpoKyBWXyE9XY56nC1BzUGGdLCxBu,Oslo,Norway,EMEA,Yes
EMPTY\,tenerifeairporttransfers.co.uk,tenerifeairporttransfers,2,lead_hETgOUgL9yVacc9v38ZXhShm4RPNFzmhvmuuLWyaQ51,Guía de Isora,Spain,EMEA,Yes
EMPTY\,trondheimkajakk.no,trondheimkajakk,2,lead_DhOxiNdu2QikD0hS1gwXqrpDqJUVo3FdGtfRqz9rOO4,Trondheim,Norway,EMEA,Yes
EMPTY\,wildwicklow.ie,wildwicklow,2,lead_bUtX6ujjtOwip7fkZbhHXMLtRcI2q22f4kj9aXtckb9,Dublin,Ireland,EMEA,Yes
EMPTY\,portugalfarmexperience.com,portugalfarmexperience,2,lead_V7UzDxgkORlGihElEmx4oD1JzJq01yFGjXjAz8YolVU,Lisbon,Portugal,EMEA,Yes
EMPTY\,bungeejumpscotland.co.uk,bungeejumpscotland,4,lead_JJOCcz76l93xZ9PHG6UkW6pKzgAy1oclhR0XaCOR8BS,Killiecrankie,United Kingdom,EMEA,Yes
EMPTY\,llangollen-railway.co.uk,llangollen-railway,3,lead_tywkUnl9nxZfURU4SgyJvz4Fy0YCdI6ajTJHgdA2Pqt,Llangollen,United Kingdom,EMEA,Yes
EMPTY\,vintagetrains.co.uk,vintagetrains,4,lead_GEyb56a0MGeMvwhgP8pMUnqTpCVeT0JxOS9zfHvmhSd,Tyseley,United Kingdom,EMEA,Yes
EMPTY\,thirdelementcharters.com,thirdelementluxurycharters,2,lead_dPRaUdCRGvUfeGBfM9yKBupPLeoeB8s0Ofjy4DsfP7B,Santa Cruz de Tenerife,Spain,EMEA,Yes
EMPTY\,kiezjungs.com,die-kiezjungs,3,lead_CSzODuytHT4BRThe25fSN9Z4sZ4yokKUf0xPV7fO7hW,Hamburg,Germany,EMEA,Yes
EMPTY\,secretsitaly.com,secretsitaly,2,lead_nYeauyaSN4pShj5btpiseW6lhcXIaDLIMuNVxrkVVI2,Rome,Italy,EMEA,Yes
EMPTY\,showmeitaly.com,showmeitaly,4,lead_emu5HamUSbUj0GG7Ln9PMNuQcfYRwAeKTF5GkDj2kOl,Rome,Italy,EMEA,Yes
EMPTY\,maverickboatadventures.com,maverickboatadventures,2,lead_h8ejmVhmmIHV4VZMgT02BSWHpabCeimbVULqJA3Qjy6,Newhaven,United Kingdom,EMEA,Yes
EMPTY\,lakedistrictwhitewaterrafting.co.uk,lakedistrictwhitewaterrafting,2,lead_iL5SKZ2ZrAv6IQP51gmUgUDzHiksSo4wNgrXxMDiSzq,Ulverston,United Kingdom,EMEA,Yes
EMPTY\,camaleontours.com,guiadeamsterdam,3,lead_kuwyNOBBXJyUSU48MMJxraugyMPDImMzLRRuibqmBX0,Amsterdam,Netherlands,EMEA,Yes
EMPTY\,royalcatamaran.com,royalcatamaran,2,lead_UIalFkmRyBp5m2fyfJdY4Ip0ysYBAeRBnxWrpe5QhvY,Marbella,Spain,EMEA,Yes
EMPTY\,carcavelossurfschool.com,carcavelossurfschool,2,lead_q1eDszdwSmChatMcNUdsFM7WEXGMGwzT2wHBmitIKZt,Carcavelos,Portugal,EMEA,Yes
EMPTY\,extremehuskies.com,extremehuskies,2,lead_U4plyLfnbQXIWb3y8iJAnTK4LGTST7FkRPDOJo79dJ6,Ivalo,Finland,EMEA,Yes
EMPTY\,schuttevaer.com,schuttevaer,3,lead_hHkDbd0sxGkj26WrbaHMNIEfsTCgDt8co9OifZPZ83R,Utrecht,Netherlands,EMEA,Yes
EMPTY\,dingleboattours.com,dingleboattours,2,lead_kpJvlJ8LD8HI567EjieGaw1gZ9YLmvGKF8sTmsAoTSO,Dingle,Ireland,EMEA,Yes
EMPTY\,carvoeirocaves.com,carvoeirocaves,2,lead_Ed5U3cruVnooFg1QMeAgoCC8PfDjRNRnPWBE6ieHUUQ,Carvoeiro,Portugal,EMEA,Yes
EMPTY\,tastytours.com,tastytours,2,lead_8C27XDEZHbcDQFqoOsgbbfFXCMJAk2FjTinFdGMIPLR,Rome,Italy,EMEA,Yes
EMPTY\,ritec-valley.co.uk,ritec-valley,2,lead_USiEhqoRlIpZqymjVlkNN0jiY4buqHCnOHzPc6KO0zg,Tenby,United Kingdom,EMEA,Yes
EMPTY\,bobstours.com,bobstours,2,lead_a7mJMHVotMX69l0977x2hkf1M4ZoURMKrgo9z8p8p66,Salzburg,Austria,EMEA,Yes
EMPTY\,benagilkayaks.com,benagilkayaks,2,lead_EMaLUynWmzwKoor6sBYu44uIdEko5kQUkzJwJzyouZa,Lagoa,Portugal,EMEA,Yes
EMPTY\,siestaadvisor.com,siestaadvisor,2,lead_ZQluwPu3f3J03CgyVcpEmpu79nwgcKvrZUtz4eMa8BY,Arenal,Spain,EMEA,Yes
EMPTY\,parpalandia.com,parpalandia,2,lead_cSxroK3b884NDIpr8c2piKFHAfjr0lg8fhgK3JnMWIa,Rovaniemi,Finland,EMEA,Yes
EMPTY\,edinburghguidedtour.com,edinburghguidedtour,2,lead_QQea6exEulhfCQQanUFAqsfs4Zb9jwKmERB1NoZQdEt,Edinburgh,United Kingdom,EMEA,Yes
EMPTY\,nice-car.fr,nice-car,2,lead_e3ZPqDgFUyj9YlYYlDw3Do4fzmdms0XUCz2RxkhEf3w,Nice,France,EMEA,Yes
EMPTY\,highlandexperience.com,highlandexperience,4,lead_b1v2XAd7ULLPm7fnh1vzbIEE5M54Pe9HeFjr6Dk0zLy,Edinburgh,United Kingdom,EMEA,Yes
EMPTY\,thetouringpandas.com,thetouringpandas,3,lead_OVShgWkT7TfuEXgDwmi7U4USYlAS9nCIrCzpjjxXPGe,Barcelona,Spain,EMEA,Yes
EMPTY\,iseacharter.com,iseayachting,2,lead_22RoXWk7vHHIpKea786MvjQWZNe4xB7F4krHkRNMRyR,Queijas,Portugal,EMEA,Yes
EMPTY\,verticaldescents-scotland.com,verticaldescents,2,lead_7yIzSvIudsujj4oZfMl5M0ZSB6xCglpwh1SdzxsXW0h,Fort William,United Kingdom,EMEA,Yes
EMPTY\,www.abski.co.uk,momentumsnowsports,2,lead_4zlnok7rkrWpDbde6f3OSUBxEbofqGAw0w3tKJhoDWq,Devon,United Kingdom,EMEA,Yes
EMPTY\,secretalgarve.pt,secretalgarve,3,lead_EPZrQqc59zefNloBG0zyedCnIHLFE6wzG6WDfHDcB7d,Lagoa,Portugal,EMEA,Yes
EMPTY\,weetoasttours.com,wee-toast-tours-manchester,2,lead_x4m8vwuTIHBHMoAd46i2YJalAkMqzgVO089dnUbwrj2,London,United Kingdom,EMEA,Yes
EMPTY\,tanfield-railway.co.uk,tanfield-railway,3,lead_dovUIE6DDSYnErK3WRjjOQAc4v8SPCmGfPCFgpsOBVe,Gateshead,United Kingdom,EMEA,Yes
EMPTY\,askostours.com,askostours,4,lead_gigt2M5YZ5rZULXYQSd2bDijPvK9wNrIkq814kKfRhn,Pompei,Italy,EMEA,Yes
EMPTY\,centrevr.co.uk,centrevr-enfield,2,lead_epIMhf29W7OOqhrCtJdRT7qCv7xS6NtOiJV052QEP4Y,Bournemouth,United Kingdom,EMEA,Yes
EMPTY\,epicmadeira.com,epicmadeira,3,lead_gKkr0DkNF56FX3D3KJvyx172KivVMLewWh2kcZAdBSQ,Funchal,Portugal,EMEA,Yes
EMPTY\,scottishquads.co.uk,scottishquads,4,lead_JJOCcz76l93xZ9PHG6UkW6pKzgAy1oclhR0XaCOR8BS,Pitlochry,United Kingdom,EMEA,Yes
EMPTY\,londonwaterbus.com,londonwaterbus,4,lead_ERnhjFAJOBWpcM9cYRE7qQE96aKem3YEXNWT0oP1C3v,London,United Kingdom,EMEA,Yes
EMPTY\,laganadventures.com,laganadventures,2,lead_FZyNFxWh7jnYoCH5hCS9lciiNWHChIueVY04S8OQe3z,Belfast,United Kingdom,EMEA,Yes
EMPTY\,walksineurope.com,walksineurope,4,lead_DxaIepLXUzpY2aIOrr1IjPq27MGJYQYhVHIvmuCN8Q9,Tallinn,Estonia,EMEA,Yes
EMPTY\,kinboat.com,kinboat,3,lead_IHQqe52ljJUFN2SA33MnNhDFo6TKRHBIsldQpSHGknS,Amsterdam,Netherlands,EMEA,Yes
EMPTY\,ernetours.com,ernetours,2,lead_P1EVMGeUYIgIUQYMGB4Esr4kozZfuCEIXk6hjRxhycc,Enniskillen,United Kingdom,EMEA,Yes
EMPTY\,tourcostadeglidei.com,tourcostadeglidei,2,lead_iKeQwtYWiyljhYVOKEbNNdvZUYyaC0j3V6wuRjANK7g,Tropea,Italy,EMEA,Yes
EMPTY\,sussexbikehire.com,sussexbikehire,2,lead_h8ejmVhmmIHV4VZMgT02BSWHpabCeimbVULqJA3Qjy6,Seaford,United Kingdom,EMEA,Yes
EMPTY\,corkharbourboathire.com,corkharbour,2,lead_v7EOHhuoRaKcJzN5RIt0mji6gIlwWFkdydozTEDD9xQ,Cork,Ireland,EMEA,Yes
EMPTY\,lagoskayakexplores.com,lagoskayakexplores,2,lead_vk6XHLBYln3R3qGtO7VyqB8E2lT9bHcxHsbIx7BWmUt,Lagos,Portugal,EMEA,Yes
EMPTY\,dolphinspirit.co.uk,dolphinspiritinverness,3,lead_5yo7AI8WN1cjQRfKbMDU992if1jEzWDBch40CaOZnEC,Inverness,United Kingdom,EMEA,Yes
EMPTY\,sea-ibiza.com,sailingibiza,2,lead_w3Tad5rcZcyo0qa7zm4ZOjy0s6yvs7cZ4T15eKQDRon,Ibiza,Spain,EMEA,Yes
EMPTY\,marencalmamenorca.com,marencalmamenorca,2,lead_nYcUrTsJSqzYWyNWig4J2x8cCoPnzddUVNwiiu3fa6D,Ciutadella de Menorca,Spain,EMEA,Yes
EMPTY\,lobosonda.com,lobosondamadeira,3,lead_80Wo70x1Nx9pnb07TAxPcS4H6NSuQaeGNlvvQ4wAXsx,Funchal,Portugal,EMEA,Yes
EMPTY\,weetoasttours.com,weetoasttourslondon,2,lead_x4m8vwuTIHBHMoAd46i2YJalAkMqzgVO089dnUbwrj2,Belfast,United Kingdom,EMEA,Yes
EMPTY\,copenhagenbymie.com,copenhagenbymieandfriends,2,lead_vofQlMBvqxBjbPGTRtavqd8gmoXQnXY80UIE0QhkwWs,Copenhagen,Denmark,EMEA,Yes
EMPTY\,olliestours.com,olliestours,2,lead_OT9zSBYlZSSisB56IniSFqtR0MuHqqK1b6gsz4mh7XY,Ennis,Ireland,EMEA,Yes
EMPTY\,thechallengemallorca.com,thechallengemallorca,2,lead_ml1aL6XE9N0qjMT5L94q0ayOmJbqywBsxsfxI1PAMcr,Alcudia,Spain,EMEA,Yes
EMPTY\,escapewindsor.co.uk,escapewindsor,3,lead_a2KmInpN5Yfam5YJDiudWn8wZG5963qIq6ZUUH6LNoS,Windsor,United Kingdom,EMEA,Yes
EMPTY\,comoclassicboats.com,comoclassicboats,4,lead_qhwgsf7JpsgajX6YCduNTXsSZ6kITH4LCZbafbPSyQL,Lake Como,Italy,EMEA,Yes
EMPTY\,canaltrips.co.uk,skiptonboattrips,3,lead_X9UAhOw2RaGgqmaBRo1LoLEVa87Rrjei23eskejfvMy,Skipton,United Kingdom,EMEA,Yes
EMPTY\,westernislescruises.co.uk,westernislescruises,3,lead_cmukqexuiEI5Fg7If6ZQmikWC6MYBmStvnvhIPL2dc0,Mallaig,United Kingdom,EMEA,Yes
EMPTY\,papillons.lu,papillons,2,lead_C1fIGlc0Tr5qYyqxcpG2FLLbWcS7U0F4CQtNYO5A8NA,Grevenmacher,Luxembourg,EMEA,Yes
EMPTY\,irlandaenespanol.com,irlandaenespanol,3,lead_rs6LZN1QcdsDqhwKJJPD2EugNvpyLI87JbAn93PEbYD,Dublin,Ireland,EMEA,Yes
EMPTY\,ambushactivities.co.uk,ambushactivities,2,lead_ismH1g7OwYT5iNqQKiTsAENHOlibPIl3UCp4OBfiipK,Southampton,United Kingdom,EMEA,Yes
EMPTY\,fancy2.com,fancy2,2,lead_bGbo1iZJWzJt0cGMFMfYBVnvrUtKs4rULqTt1am97Kq,Santa Cruz de Tenerife,Spain,EMEA,Yes
EMPTY\,walksinistanbul.com,walksineurope,4,lead_DxaIepLXUzpY2aIOrr1IjPq27MGJYQYhVHIvmuCN8Q9,Tallinn,Estonia,EMEA,Yes
EMPTY\,https://farmexperiencestours.com/,portugalfarmexperience,2,lead_V7UzDxgkORlGihElEmx4oD1JzJq01yFGjXjAz8YolVU,Lisbon,Portugal,EMEA,Yes
EMPTY\,sng.ch,sngcruises,2,lead_OdKOv98VS61B3pejWRxnDwiUytgxI8b7PVe2gh67Z4o,Lucerne,Switzerland,EMEA,Yes
EMPTY\,elektrohaven.nl,thebulldog,2,lead_u5CsSCXblWsjfZHiNwQRxwjJEg20aa35mkl2adLeQn2,Amsterdam,Netherlands,EMEA,Yes
EMPTY\,aceadventures.co.uk,aceadventures,2,lead_ep0yj7FrV13pJiYBZUk7PmDgWD0ViHUOme4NcUpOYD4,Forres,United Kingdom,EMEA,Yes
EMPTY\,paragliding-luzern.ch,paragliding-luzern,2,lead_fW3SssgyQC1Vx70KiG7sDL5v1YslsulIeYniFLYIaue,Kriens,Switzerland,EMEA,Yes
EMPTY\,seekrakow.com,seekrakow-pln,3,lead_a7a57A0oZnyXOkdzjOifI3jp2Jy1RHmOqtZap50XA54,Krakow,Poland,EMEA,Yes
EMPTY\,rockthatboat.com,rockthatboat,2,lead_dywlW1FpwQwIWecCT2aUJUoee1useXF3GG19GxKcnts,Amsterdam,Netherlands,EMEA,Yes
EMPTY\,lovingrome.it,segwayrometours,4,lead_eUVm7XxeSiO4G5NyN2eYGdl7vmmmYEtmeiAmaoaYorU,Rome,Italy,EMEA,Yes
EMPTY\,marinediscovery.co.uk,marinediscovery,2,lead_lEzOG0yApjjdThAyoZKg4tvXb9MzqfqjlY7s0hk7xMs,Penzance,United Kingdom,EMEA,Yes
EMPTY\,https://www.magnumxxl.com/,coqtales,3,lead_lURnmHyOJWSAaxp4XSn3hBJeJIDv8EEFb0dHDjxuB37,Amsterdam,Netherlands,EMEA,Yes
EMPTY\,captainjackamsterdam.com,captainjackamsterdam,4,lead_uBlYv7I7u6BmmircNpTlvgt3mmXcJpnil5IEi4m6JdG,Hilversum,Netherlands,EMEA,Yes
EMPTY\,inchperfecttrials.co.uk,inchperfecttrials,2,lead_uy8nSiGVxcUtHMeBcpbIkpK3b1EUsRjzVy8kYxPVuE5,Clitheroe,United Kingdom,EMEA,Yes
EMPTY\,sautdudoubs.fr,sautdudoubs,3,lead_eNPQ7QWQTjmCLCKdZ2eQ5dvWnMEtHY60gR5NYHzmsw3,Villers le Lac,France,EMEA,Yes
EMPTY\,bateau-besancon.fr,bateau-besancon,3,lead_eNPQ7QWQTjmCLCKdZ2eQ5dvWnMEtHY60gR5NYHzmsw3,Besançon,France,EMEA,Yes
EMPTY\,oxfordofficialwalkingtours.org,experienceoxfordshire,2,lead_knlrenyUwlNb47MZ4Q27JpHwCWB845jxtyLRkW8GMm4,Kidlington,United Kingdom,EMEA,Yes
EMPTY\,centrevr.co.uk,centrevr,2,lead_epIMhf29W7OOqhrCtJdRT7qCv7xS6NtOiJV052QEP4Y,Bournemouth,United Kingdom,EMEA,Yes
EMPTY\,onceinrome.com,onceinrome,2,lead_mIgA1w7PZRX6LGU1Xb9dl7V9srUzc0EIzP8DZ6Bm2Pu,Rome,Italy,EMEA,Yes
EMPTY\,pembrokeshire-islands.co.uk,pembrokeshire-islands,4,lead_NuOh0QgeqQczVIdR2Uo3yr8vumKLb848afmoo9c6mO3,Milford Haven,United Kingdom,EMEA,Yes
EMPTY\,pragerlebnis.com,pragerlebnis,2,lead_L0PqAfeYNm1qQCYZj4bhlEo38dwD0gKWUt3yGgV8UOS,Prague,Czech Republic,EMEA,Yes
EMPTY\,alicanteaventura.com,alicanteaventura,2,lead_gRbG4lkILegd3UBa78UU2NDayn6OlVHf1SX333B6wM5,Villajoyosa,Spain,EMEA,Yes
EMPTY\,bootgroningen.com,bootgroningen,2,lead_RH3etV60biT1B4vHyl2tJpmOpMUW3oquN8Ep7IumLCo,Groningen,Netherlands,EMEA,Yes
EMPTY\,coqtales.com,coqtales,3,lead_lURnmHyOJWSAaxp4XSn3hBJeJIDv8EEFb0dHDjxuB37,Amsterdam,Netherlands,EMEA,Yes
EMPTY\,dreamwavealgarve.com,dreamwavealgarve,3,lead_sbHOOfcEUKUOc7RU4PCDDwUgBUysNwzXPlIQqReo6Kt,Albufeira,Portugal,EMEA,Yes
EMPTY\,mountaintrails.ie,mountaintrails,2,lead_mUq3llfLoS0Z9pGSBkrVyfqWljO8CFJ5gMtgn7yKpCB,Rialto,Ireland,EMEA,Yes
EMPTY\,polco-sailing.com,polco-sailing,4,lead_aUozY0GaiurwL6HyVe3v16Wtp6o1A7rozeBEZIvG3yG,Athens,Greece,EMEA,Yes
EMPTY\,flagshipamsterdam.com,flagshipamsterdam,4,lead_uBlYv7I7u6BmmircNpTlvgt3mmXcJpnil5IEi4m6JdG,Amsterdam,Netherlands,EMEA,Yes
EMPTY\,fjordguiding.no,fjordguiding,4,lead_jjIELK1f2wzjAzs50DYTkAaCgcbhdI8XQMKJBqB5jUo,Dalsoyra,Norway,EMEA,Yes
EMPTY\,feelingberlenga.pt,feelingberlenga,3,lead_qHuednVP7YtGrERZ6YNxOchrRPSOfU55wEON9N3xnex,Peniche,Portugal,EMEA,Yes
EMPTY\,tnroutdoors.co.uk,tnroutdoors,2,lead_wAw17qwaiYNmcYkOEhku45tOPksGwTT8YD9h50QfZcm,Llangollen,United Kingdom,EMEA,Yes
EMPTY\,sailing-360.com,sailing360,2,lead_sxenJwIQYf5tttndwpa9jJGGnL6xSH9jp750LkwIFI3,Canidelo,Portugal,EMEA,Yes
EMPTY\,amsterdamboatadventures.com,amsterdamboatadventures,3,lead_Ne4BDExDhsXMnZzOkLOMwdK6I7vmK3ZMU51w3PcsssA,Amsterdam,Netherlands,EMEA,Yes
EMPTY\,thehairycoo.com,thehairycoo,3,lead_t846q96boFobdOHPMpKoFw1VggXnJvVx8HCQVh0rrMS,Edinburgh,United Kingdom,EMEA,Yes
EMPTY\,water-taxi.be,watertaxibe,2,lead_w3Tad5rcZcyo0qa7zm4ZOjy0s6yvs7cZ4T15eKQDRon,Blankenberge,Belgium,EMEA,Yes
EMPTY\,maritime-circle-line.de,maritimecircleline,3,lead_agcAhz65l0q4oqZDWLGRXNVe22PUNcZP78ms5XbCwhR,Hamburg,Germany,EMEA,Yes
EMPTY\,sng.ch,sngrentals,2,lead_OdKOv98VS61B3pejWRxnDwiUytgxI8b7PVe2gh67Z4o,Lucerne,Switzerland,EMEA,Yes
EMPTY\,sea-barcelona.com,sea-barcelona,2,lead_w3Tad5rcZcyo0qa7zm4ZOjy0s6yvs7cZ4T15eKQDRon,Barcelona,Spain,EMEA,Yes
EMPTY\,ztmobility.com,ztmobility,2,lead_sxenJwIQYf5tttndwpa9jJGGnL6xSH9jp750LkwIFI3,Vila Nova de Gaia,Portugal,EMEA,Yes
EMPTY\,https://www.castelsantangelotours.com/,segwayrometours,4,lead_eUVm7XxeSiO4G5NyN2eYGdl7vmmmYEtmeiAmaoaYorU,Rome,Italy,EMEA,Yes
EMPTY\,embsayboltonabbeyrailway.org.uk,embsayboltonabbeyrailway,4,lead_i4rTdcDJY6yKigwA7cgL6Me0eMHwBbrGAkIHizIUzgn,Skipton,United Kingdom,EMEA,Yes
EMPTY\,tourismhub.es,tuktukiberica,3,lead_x5gHu3YKZCs2dSOVVRUI9owYCvZhRCSI1uX3MBiNyo0,Valencia,Spain,EMEA,Yes
EMPTY\,manaboattours.amsterdam,manaboattours,4,lead_uBlYv7I7u6BmmircNpTlvgt3mmXcJpnil5IEi4m6JdG,Amsterdam,Netherlands,EMEA,Yes