name,fh_shortname,account_tier,lead_id,location_city,location_country,location_region,fh_site
megagamecornella.com,megagamecornella,2,lead_7N05lfd95v30nBYj6cBsVjahaPev5EaWBGbE6JCago8,Barcelona,Spain,EMEA,No
www.sagaadventureslofoten.com,sagaadventureslofoten,2,lead_8NpwjDyNLlGSKcNVr2CIkOKO0Xqt0LEPsv1ZH5cSenV,Reine,Norway,EMEA,No
cruiselochlinnhe.co.uk,cruiselochlinnhe,3,lead_A7PxQA1m1mu5Nk3cauZh5cpPEQKiHJW4tc6DjVilpMM,Fort William,United Kingdom,EMEA,No
helixparkactivities.com,helixparkactivities,2,lead_3byQF5Zmo5tkdUuEk4HQzJyAKQpMZSeJ1XDwtl3xSb0,Edinburgh,United Kingdom,EMEA,No
fryingpanadventures.com,fryingpanadventures,2,lead_44HMrgE6TG0ZMvso4q8o2VFtz3fTvGI2r6bOAbReYDf,Dubai,United Arab Emirates,EMEA,No
astra-brauerei.de,astra-brauerei,2,lead_6N0jkX3glfDcSSFH1L2tmqY6cLJZsbfUxrKDoU8hzTD,Hamburg,Germany,EMEA,No
conerofunboat.it,conerofunboat,2,lead_58vS3KbKnrV8T0htJgfDo8nv42cOzbvPNvWPoqblWVR,Marche,Italy,EMEA,No
trike-tour.com,buggy4fun,2,lead_2Pfb0skVbuZ8rjPtmzJOp9ioW68TKfIOprKmWAb8XYO,Majorca,Spain,EMEA,No
johnbeanboattrips.co.uk,johnbeanboattrips,2,lead_ANNnDiqtT8SFek7NwkoNgE7ukw1VUoeP2GUGWQ6vCFe,Holt,United Kingdom,EMEA,No
poseidonsubmarine.com,poseidonsubmarine,3,lead_7lAWdfoWA0ZNa8ur7lBiPrhRE1w3R10iCfzpjTT939q,Rhodes,Greece,EMEA,No
naturdorf-eickhof.de,naturdorf-eickhof,2,lead_8W6Jyj78HHmozXZx7BbTQ7vIFqZ1mnaajJP1I8QaGnu,Eickhof,Germany,EMEA,No
letzgocitytours.com,letzgocitytourseu,3,lead_9GO3mLmNEYY7OqIVfYi8i4ZeFVsBHXYOkH8eMlUPLNz,London,United Kingdom,EMEA,No
ilfracombeprincess.co.uk,ilfracombeprincess,3,lead_4Yx0tu5GQvJWAw1Tx19NKsVIKyBQIs7Ob9QD5Rd2Rg5,Ilfracombe,United Kingdom,EMEA,No
hilltoptreks.com,hilltoptreks,3,lead_7F1EGJWgcLCmpttKI51ZKTk7efYbLf2RqasCdPaBfnp,Dublin,Ireland,EMEA,No
sardinhadobairro.pt,sardinhadobairro,4,lead_8cR8EZfx5oc0ZSnlIvaaboYaNhjZqeafl92V3Lw7ykv,Lisbon,Portugal,EMEA,No
politicallyincorrectfreetours.com,politicallyincorrecttours,2,lead_CKhryLITffRmrNzARsQ0alia8u8RQuuQGYqIbRzVvPC,Copenhagen,Denmark,EMEA,No
inandbeyondbath.com,inandbeyondbath,2,lead_4RzXVm5BfARTwfGgVqr1A5vTEXer1XjVnykKDg35p74,Bath,United Kingdom,EMEA,No
henleycanoehire.com,henleycanoehire,2,lead_4dXwBdgn9qToelBT9cdAhQKV3AcsNKTtZM0TmOCHcPy,Henley-on-Thames,United Kingdom,EMEA,No
boatsamalficoast.com,boatsamalficoast,2,lead_9lfTXJm8llnw1XJtcYpcYf0rl9D32Hst57QIH3LQ5wk,Atrani,Italy,EMEA,No
visitinnisfallen.com,visitinnisfallen,2,lead_06EoPeH4ygrYkvlupHF5evTvOsiA2a600nT6BQgfzBT,Killarney,Ireland,EMEA,No
auroravillage.fi,auroravillage,2,lead_ASJgrwKAzvIpWTkasL32ZvQOOycTrnm7Po0UperMTJN,Ivalo,Finland,EMEA,No
bridgewatercruises.co.uk,bridgewatercruises,2,lead_B2xFSE8HzRMzKv9zcak2xtCAAngNrIVRSLbnHoep8bL,Manchester,United Kingdom,EMEA,No
katieparla.com,katieparla,2,lead_9SO2HiH8765ueM6qiYTNPR72N632jl9dsDzQEnjmY73,Rome,Italy,EMEA,No
olympiaparken.no,lillehammerolympiaparken,2,lead_2PTh0ycsR3hmxSPnRHsezPrubR7uLe6UJpecF4rjiEd,Lillehammer,Norway,EMEA,No
creuerscostadaurada.com,creuercostadaurada,2,lead_9zqC2mC2rvb9dfkVQakmSbyF9osGuC6HlC3HMbwZGR3,Cambrils,Spain,EMEA,No
capecruiser.pt,capecruiser,2,lead_839D4H2lLPOEoYHka3sChAA1GjLQqmSynr2M1gjzQOz,Sagres,Portugal,EMEA,No
regionaltours.info,regionaltours,2,lead_83UUN8hp16Yldxxt2wdWXqHEbnT5iIPbWDcCHM0deAW,Berlin,Germany,EMEA,No
adamandevetours.com,adamandevetours,2,lead_8hVzdFeBu4f4T0nq26lAQ5VwMG8mVNlAowaBOPlKBz3,Amsterdam,Netherlands,EMEA,No
thesmashroom.com,thesmashroom-sportssociety,2,lead_04dIcc3gy4oUcFgtT4kezuCRDxJ8bGxD6mHB4IU8AL6,Abu Dhabi,United Arab Emirates,EMEA,No
4ubarcelona.com,4ubarcelona,2,lead_1FNo6G6MKR3SPXvN9JURJpLbq5oTklFJyl8GdytvHJy,Barcelona,Spain,EMEA,No
vmtmadeira.com,vmtmadeira,2,lead_2R4dG5HWtii7mUB99dYPi3aLzC6jgDIw4otUtB4LZAq,Funchal,Portugal,EMEA,No
transfer-to-oia.gr,transferto-oia,2,lead_4aZL7nabqeMwHAoDTrgzGwus0U70hy98iHTm86A1uY6,Firon,Greece,EMEA,No
dolphinbay.pt,dolphinbay,2,lead_5ddkfqOfwtad9fXXJVjes6WsDi3LgasvCqoDlO9mycp,Setubal,Portugal,EMEA,No
foodtoursofvenice.com,foodtoursofvenice,2,lead_8C27XDEZHbcDQFqoOsgbbfFXCMJAk2FjTinFdGMIPLR,Rome,Italy,EMEA,No
https://www.ondasdeangelo.com/,ondasdeangelo-ro,2,lead_CgWHLQsWdB9P9DvwBmOGIsvqCirQtH1YO3S3Cg5n0uJ,Lisbon,Portugal,EMEA,No
dinglesleaheadtours.com,dinglesleaheadtours,2,lead_CRq3Y2nzeZy9xHddxTLTflLdvf5zGlyEkOLdpdg1uag,Dunquin,Ireland,EMEA,No
gilles-personenschifffahrt.de,gilles-personenschifffahrt,2,lead_EmcgrPUmGxuHkXXBapbe2oSqFmWQ6NBG6lnbTZIeBaP,Vallendar,Germany,EMEA,No
fahrradtouren-berlin.com,freeberlinauthentischeradtouren,2,lead_7eGSx1aCd7cSpToSt668H4iD3IQMpTLXLqV2U3Tknq2,Berlin,Germany,EMEA,No
latualondra.com,latualondra,3,lead_AffU7qQbPVSs7OMOXIlriRksMMnd5t6Xn8zKYRRil4k,London,United Kingdom,EMEA,No
https://www.gaviaomadeira.com/,gaviaomadeira,2,lead_4jhCVC4kcTUsmXUYMOnA7LZ9uuYHF3oknGOEkR8TEky,Madeira,Portugal,EMEA,No
boatpartyprague.com,thepartybros,3,lead_5HvP9UocOcw5CARRO3s12PEFYAxubogn8dtcaMNJDge,Prague,Czech Republic,EMEA,No
farne-islands.com,farne-islands,4,lead_7KZhJPV46hopy9NRDR2eG1GCaSXxdcxzUiiGFvzpnZg,Seahouses,United Kingdom,EMEA,No
dachautour.com,dachautour,2,lead_GQQpN5XGnqWA1JABZhzB259JkHBgvtL4nKKVF6p1gJ6,Munich,Germany,EMEA,No
dakoutrostravel.gr,dakoutrostravel-eur,2,lead_4aZL7nabqeMwHAoDTrgzGwus0U70hy98iHTm86A1uY6,Thira,Greece,EMEA,No
northernlightsvillage.com,northernlightsvillage,4,lead_5peICua0XEYBJDwyeOkqpEqqVOf391Kwjx2daBRmSjH,Rovaniemi,Finland,EMEA,No
amsterdamcookingworkshops.nl,amsterdamcookingworkshops,2,lead_4TRjsl8DZl9hi56ObWz2fghwApJ29U93EMM2eIgOCYD,Amsterdam,Netherlands,EMEA,No
waterrescuescotland.co.uk,waterrescuescotland,2,lead_7yIzSvIudsujj4oZfMl5M0ZSB6xCglpwh1SdzxsXW0h,Kinlochleven,United Kingdom,EMEA,No
seakayakdevon.co.uk,saltwaterpaddle,2,lead_4zlnok7rkrWpDbde6f3OSUBxEbofqGAw0w3tKJhoDWq,Dartmouth,United Kingdom,EMEA,No
nusfjordarcticresort.com,nusfjordarcticresort,2,lead_7J8EZDamEyKwqWCUleZktqUzXl3qOfDFfJKZwV4CbSd,Ramberg,Norway,EMEA,No
seafaris.net,seafaris,2,lead_8Z16U3uF6qYtreO1hBnhpWtXxWUUwkjyd5aXzO8EPn6,Lagos,Portugal,EMEA,No
naturevasion.com,naturevasion-stantonin,2,lead_9lfV1i5wgrAGRoLoj52Ebj3XeNN4078xgFQI8sypGPm,St Antonin Du Var,France,EMEA,No
toda.ae,toda,3,lead_AAMVXkdt5DyVqbGIKSQaaFrjgGLDLal6haTt6MiuzB2,Dubai,United Arab Emirates,EMEA,No
canterburyrivertours.co.uk,canterburyrivertours,2,lead_CF0aMdo1jVrfEuF3iTb8n8sQWZywSlK2C5ILlPsl9Lg,Faversham,United Kingdom,EMEA,No
player-ready.co.uk,playerready-portsmouth,2,lead_Gc77l3VlEL1q4jeZXXLBew17SH6FRavJzaevZtqDY27,Exeter,United Kingdom,EMEA,No
https://barcelonasoutherncross.com/,barcelonasoutherncross,3,lead_Gy8bi0X9APxVFH8IZebOHuAp8bBEH9UDzg5bJ6PTUAJ,Barcelona,Spain,EMEA,No
thetattoofisher.com,thetattoofisher,2,lead_HCXnKEtGkW09VVL8wBF8iG7nHeHxm2AouBX9bUXikfO,Isla Cristina,Spain,EMEA,No
bruichladdich.com,bruichladdich,2,lead_909RZgMmwR2tGU5z0mxmgII4McCQo482nqpwNcEhql1,Argyll,United Kingdom,EMEA,No
player-ready.co.uk,playerready-plymouth,2,lead_Gc77l3VlEL1q4jeZXXLBew17SH6FRavJzaevZtqDY27,Taunton,United Kingdom,EMEA,No
megadive.pt,megadive,2,lead_HPtsXutaNzglcaxubDZWMRTKSfWi3SnbbwnWU0y89fR,Sesimbra,Portugal,EMEA,No
capferratwatersports.com,capferratwatersport,3,lead_HlMmwBb4nz1FLAHoWdjBmqbEzaaShmUqloHLW9zNUSW,Saint Jean Cap Ferrat,France,EMEA,No
tiguideyou.it,tiguideyousrls,3,lead_Fj467zxuNOXN4xOXG1DminoJrEmRuPXWN2zch7wDC2l,Rome,Italy,EMEA,No
world-of-bricks.at,studiof,2,lead_MDOvZuKI3KkGQ84dKEeHDB7jg3Ybpb0kU7QlEVhV2Kh,Vienna,Austria,EMEA,No
maisonducocoreunion.com,maison-du-coco,2,lead_O0CABEe7QOOALxUQIuRbTfdgDA3LPg1xSrRPorDSQSb,Saint-Leu,Reunion,EMEA,No
siegurd.nl,siegurd,2,lead_PJcMxqNPzHheWLFoMFk01lbD9G5uH331HJqsNOMdX3R,Groenekan,Netherlands,EMEA,No
loacker.bio,loacker,2,lead_4xvX9kdvulPuowKNjgajhfJM3hSbFNDa9sXA6Z1cB6F,Montalcino,Italy,EMEA,No
freizeit-abenteuer.com,freizeit-abenteuergmbh,2,lead_9hINeMzRc1GvISMqS1YacixkELKGMLUoFfFyT0qZFVZ,Leipzig,Germany,EMEA,No
sicilyboats.it,sicilyboats,2,lead_I48b6cTM5wWyGJqhIfPefI0liqOOKnEW09IPCIpyFzg,Sicilia,Italy,EMEA,No
hollandbikes.com,hollandbikes-ny,3,lead_KlOERXEos2zoKZMzJX1j0CK85doM5kgnSa6AchiMi8R,La Rochelle,France,EMEA,No
fab4taxitours.com,fab4taxitours,3,lead_LxTekjFpCL5AejlPCC7aDbAfBNDSQPTYOEGsjvbRM3v,Liverpool,United Kingdom,EMEA,No
skyeseafariexperience.co.uk,skyeseafariexperience,2,lead_MChJKAE3CD8voqEaD7cYYm4Oqvq0GFTBbZpNrJztm5H,Portree,United Kingdom,EMEA,No
amsterdambubblefootball.com,amsterdambubblefootball,2,lead_DkahCJtoJFRHZfmTrRtdfBqH55Nq8lU5YtTgqytV5ul,Amsterdam,Netherlands,EMEA,No
tablaocardenal.es,tablaocardenal,2,lead_HLTkS7cI246N3uYP5YnqBTEm5ztHOmiucgnePj5ZUGr,Córdoba,Spain,EMEA,No
evtt-provence.com,evtt-provence,2,lead_NrnGJDY11a9phXZBVRDuqi9akKAPgGjNi1YFkr0XjKx,Marseille,France,EMEA,No
www.marinaserviceamsterdam.nl,marinaserviceamsterdam,2,lead_L9U2MGbv9cuAt74iui4zvassplkeHDWwFBvYXFdH0k9,Amsterdam,Netherlands,EMEA,No
elsblausderoses.com,elsblausderoses,2,lead_VTrvYikyo3wB3MI1A7I18pokInFreUcgfl9J5rqfSUr,Roses,Spain,EMEA,No
kanuuh.de,kanuuh,2,lead_QfbV7OlmvXhQImsdTUCAyK21hKinQ0zCu98QbvHaOwn,Solnhofen,Germany,EMEA,No
fadsaoilsaunas.ie,fadsaoilsaunas,3,lead_RyK3yPaVrPGdtEoxxxzUDRCpoWeMJXsDbIoqzmKaWJv,Greystones,Ireland,EMEA,No
experienceinflorence.eu,experienceinflorence,3,lead_G6H48HRao7PqnMTpyzeV7wDLhaPvz1v35OzpthuEQAC,Florence,Italy,EMEA,No
fassasport.com,fassasport,2,lead_31zSKE0K3SQtMoecwBLWxPFYmi92iBuAoawaoH6DR3V,Canazei,Italy,EMEA,No
bluefleet.pt,bluefleet,3,lead_alAcUjntYuXylDlDFTU8FalbwmqofEMpH5Y7fliSWmN,Lagos,Portugal,EMEA,No
marthamferryboatyard.co.uk,marthamferryboatyard,2,lead_3anuKFPFe775iXhO2CVRhFIZaTbBosDGwf4gXq6Jyb3,Great Yarmouth,United Kingdom,EMEA,No
croisieressaumurloire.fr,croisieressaumurloire,2,lead_4MpsHymnfBtvbz6Yo3d7DXX75wrgImFuins9TGxOaVL,Saumur,France,EMEA,No
boatpartybudapest.com,boatpartybudapest,3,lead_5HvP9UocOcw5CARRO3s12PEFYAxubogn8dtcaMNJDge,Budapest,Hungary,EMEA,No
bubbleslice.pt,bubbleslice,2,lead_U0Jl6eFyi3zvkuPdIyMkvtrDw0hFIAw3i1pOqnNrIhh,Caparica,Portugal,EMEA,No
nellim.fi,wildernesshotel-inari,3,lead_UCJ2hAEJCmXpZoWFVXhcbVhszvXTzNv7t22i7jwIAxh,Nellim,Finland,EMEA,No
ohsabanan.se,ohsabanan,2,lead_QXRXfr4zppximMaQf91aAKLa0y8ND0GWEktyeytkAix,Växjö,Sweden,EMEA,No
msjlruneberg.fi,msjlruneberg,2,lead_Sk5jiD1TAweYsf0AwCprqavvf3CpHir7S9uLcdE3EZF,Borgå,Finland,EMEA,No
familygolfpark.pt,familygolfpark,2,lead_TPJMxwM8rmZvClc7wkebTCfvWkzxMv3HgyAKEdC6jxw,Quarteira,Portugal,EMEA,No
specialprivatetours.com,specialprivatetours,2,lead_cDqeeWibRDNo9uARCd8hUpzalNFkd2Z3vY2xgMASutV,Seeg,Germany,EMEA,No
sofiaescursioni.it,sofia-experiences,2,lead_D6QEvpi4Vs7xVTvMUnbBu1qtXFxH2HWdG5OLJiKs73K,Polignano a Mare,Italy,EMEA,No
player-ready.co.uk,playerready-taunton,2,lead_Gc77l3VlEL1q4jeZXXLBew17SH6FRavJzaevZtqDY27,Truro,United Kingdom,EMEA,No
player-ready.co.uk,playerready-unleashed,2,lead_Gc77l3VlEL1q4jeZXXLBew17SH6FRavJzaevZtqDY27,Plymouth,United Kingdom,EMEA,No
daysofadventure.com,daysofadventure,3,lead_GcyjtgYIObWUwb5gCfsu8fRsRtwtRQBeRKlWgzxIYY1,Lagos,Portugal,EMEA,No
maisonchampy.com,maisonchampy,2,lead_ISws04SWkWSmtfoHqZoFL6VuTdeLQnksnMSkNJfDdAE,Beaune,France,EMEA,No
kirunaguidetur.com,kirunaguidetur,2,lead_JzUuqxyRpXszObkLpj6lpaPrvPkxLBPTbWWLgKl0Xl7,Kiruna,Sweden,EMEA,No
marbellabuggys.com,marbellabuggys,2,lead_MP1meaRVQYqn7QFUKkxbpJ9bDrPtqdTm74hoCnu1DEJ,Marbella,Spain,EMEA,No
https://quintadavacaria.pt/,quinta-da-vacaria,2,lead_NigEv4A35Jtm8OR3KJ9rhdTB03GzRHUkXnbY548QeUg,Peso da Régua,Portugal,EMEA,No
havefunevents.nl,havefunevents,2,lead_Kb6N1hGR1ZREOALRC5NTIWz20pHJNkjI837dQD2KjHc,Voorhout,Netherlands,EMEA,No
secretvalley.ie,secretvalley,2,lead_Md7vgrlNRbOQ5ceGazhM8N6cJ1D8Q8rELA5F9dFAkx7,Wexford,Ireland,EMEA,No
weymouthbayribcharters.co.uk,weymouthbayribcharters,2,lead_PtQG9ClpgIWd8iKFGmlJXDOsF3ogd1OzwOKOSFnTGYO,Weymouth,United Kingdom,EMEA,No
terragust.com,terragust,3,lead_P3rUgkkzGkd1ThRHtnaoSkIm8BLDgir44UkJ7Dmy962,Manacor,Spain,EMEA,No
nightlifebudapest.com,nightlifebudapest,2,lead_PvKsaZHlxzGv6qshsBLjkSqD74DFBpU320UQZlD3Dn1,Budapest,Hungary,EMEA,No
rapidhorizons.com,rapidhorizons,2,lead_Qy75tGk7jnUTjfzBmeeE9irapNfyU5GUnx0JALe9EeB,Matlock,United Kingdom,EMEA,No
alpacafarmriethoven.com,alpacafarmriethoven,2,lead_T85hkctjnRcvi7NsQ1uV3msyKKL1ol9INW8LTtBOy3Y,Riethoven,Netherlands,EMEA,No
nellim.fi,wildernesshotel-nellim,3,lead_UCJ2hAEJCmXpZoWFVXhcbVhszvXTzNv7t22i7jwIAxh,Nellim,Finland,EMEA,No
seasafarislanzarote.com,seasafarislanzarote,2,lead_XngIA1vAypX9MnKqnEKCiKEOcWTiKFpyCFRLZLbMQ2k,Puerto Calero,Spain,EMEA,No
greekkitchenathens.com,greekkitchenathens,2,lead_YOTRscs2WHVOnXUEliDTGPwgeYaGGcXxLQ3ueNJmUo3,Athens,Greece,EMEA,No
Website not live,jamieolivercookeryschool_lunch,3,lead_WY4jCcosGLn0p00zZEIteIgGt1UalPXWJ3xDSuCB2AW,London,United Kingdom,EMEA,No
oceanchartermallorca.com,oceanchartermallorca,2,lead_XZjhAth6mQ0v88VaJfIkDTTlApXjtQXFkrmtjEbphPC,Cala Figuera,Spain,EMEA,No
activityparkcanarias.com,activityparkcanarias,2,lead_bOe377Uy3lKVdil7lDqMhBRP5nEaq2IcvgvWQACAyrY,Mogán,Spain,EMEA,No
tomazdodouro.pt,tomazdodouro,3,lead_eXb6biFTveO6pBlGdYERTsGwkZKQaxT7gOFULWa80Ok,Porto,Portugal,EMEA,No
sevilleuniqueexperiences.com,sevilleuniqueexperiences,2,lead_euw1h4plQF61QEWrR4kT699J4R4cffjxQ5PaIX7c4hF,Seville,Spain,EMEA,No
vrtoursvienna.com,vr-tours-vienna,2,lead_iGxKVSFoeJBZz4aYMVzRYKiQZaut6skgzKvWsnwoh9G,Vienna,Austria,EMEA,No
ezdivers.com,ezdivers,2,lead_iexdpkHLl6Z0BeANZOlsdnPvRZSJYjDWswobLF7zUMA,Protaras,Cyprus,EMEA,No
https://www.londoncanalcompany.com/,londoncanalcompany,2,lead_ekVV0RQr04GgWoESJcCN6KKPsgyCvH81I0uqoZPGVZk,London,United Kingdom,EMEA,No
banquetofhoshena.com,banquetofhoshena,2,lead_fMKQXRrHGqjqM5GNKGETAzAa08KsOuaaPRgZd2gnOC7,Dubai,United Arab Emirates,EMEA,No
dinosauriapark.com,dinosauria-park,2,lead_h9CljVLAREYoRhRRzqzkxKATPqdgVaDAogsW5lQx81T,Heraklion,Greece,EMEA,No
kayantics.com,kayantics,2,lead_hdc8KsoH87xngOm4l15r92kUfMhBcWTHvw3GioW25qH,Dumfries & Galloway,United Kingdom,EMEA,No
schoeneschiffe.berlin,schoeneschiffeberlin,2,lead_hmOXtUopfAf7p347FSyACmNBmSTY336Jog7jm7wgBew,Berlin,Germany,EMEA,No
www.wildscottishsauna.com,wild-scottish-sauna,3,lead_clDU5G0QQaTexfpSI8uUGPOJopusJrU1fxl0UlMaZZR,Fife,United Kingdom,EMEA,No
opheliacatamaran.com,opheliacatamaran,2,lead_g7jH1BMEI78RJ1pUmtpiRvXUKWzdWRC7djXU0gTiMVZ,Portimao,Portugal,EMEA,No
sail4fun.es,sail4fun,2,lead_gpM77d8G25ds0sRUy31MzbAvu75LcdaJ4MB2LbSWhtb,Palma de Mallorca,Spain,EMEA,No
amsterdamenbicicleta.com,amsterdamenbicicleta,3,lead_hC2egtuDOtVxNurjW5dJ6Ttiag0NonlSmGTTlq8CJEm,Amsterdam,Netherlands,EMEA,No
romeboatexperience.com,romeboatexperience,2,lead_hWPBWDQIfnnXBuSZfrFJbeQetGESAF749chy5Dg1zD4,Rome,Italy,EMEA,No
aperturetours.com,aperturetours-hongkong,2,lead_jVeC3yyTZqxGD3xM53H6SMXqTcdn9ux5UFMsqChA5jw,Barcelona,Spain,EMEA,No
aperturetours.com,aperturetours-berlin,2,lead_jVeC3yyTZqxGD3xM53H6SMXqTcdn9ux5UFMsqChA5jw,Venice,Italy,EMEA,No
gut-darss.de,gut-darss,2,lead_idc7TEYtRZCWCjVXPTcYiegssSHtcaCUgCxhzaeslZk,Born,Germany,EMEA,No
aperturetours.com,aperturetours-copenhagen,2,lead_jVeC3yyTZqxGD3xM53H6SMXqTcdn9ux5UFMsqChA5jw,Venice,Italy,EMEA,No
hungrywhales.com,hungrywhales,2,lead_BxqA4T89hJ0Z2N2ruql8OboBMxJe67h4Ld37nbwbVB4,Ponta Delgada,Portugal,EMEA,No
seatrips.pt,seatrips,2,lead_BsJqNsJSNEaEdc69iLX8o3wg7E9InjPf7Nz6mP7wVj3,Lagoa,Portugal,EMEA,No
atlanticwhaleandwildlifetours.com,atlanticwhaleandwildlifetours,2,lead_I1sWy0q9Xu7rRJ2FhKbWdethpTEvxwIwUGYb9neBM4N,Bandon,Ireland,EMEA,No
bikethecity.it,bikethecity-verona,2,lead_M4E9apt67OF4TqG8a57tJiGBUBZTrZVs1gy7akvhae8,Turin,Italy,EMEA,No
amsterdamexperiences.nl,amsterdamexperiences,3,lead_NAzfCpw92aU9YwNSU1TmMDB06UC8VK1Xezp0ol9Yzls,Amsterdam,Netherlands,EMEA,No
travelmakertours.com,travelmakertours,2,lead_OBw7XzaabG0PvQuvZtCxguIpWYQJt1ZJtx6JkKGKbef,Bucharest,Romania,EMEA,No
deepbluevenice.com,deepbluevenice,2,lead_PIAMiDK1PRMluIb40O9NqN2gHdkTY0LIR9sfxSvpbxn,Venice,Italy,EMEA,No
aperturetours.com,aperturetours-amsterdam,2,lead_jVeC3yyTZqxGD3xM53H6SMXqTcdn9ux5UFMsqChA5jw,Edinburgh,United Kingdom,EMEA,No
heide-kanu.de,heide-kanu,2,lead_jn31dNljdicMLCrPbqknkVnyfXrbels5y2adOuqMpuo,Oldendorf,Germany,EMEA,No
liverpoolboatcharter.com,liverpoolboatcharter,2,lead_kuiRBv8n5o23J5wcwckUsDVr2VlYxD97Fb7OgbOHYjV,Liverpool,United Kingdom,EMEA,No
aperturetours.com,aperturetours-newyork,2,lead_jVeC3yyTZqxGD3xM53H6SMXqTcdn9ux5UFMsqChA5jw,Barcelona,Spain,EMEA,No
aperturetours.com,aperturetours-bangkok,2,lead_jVeC3yyTZqxGD3xM53H6SMXqTcdn9ux5UFMsqChA5jw,Lisbon,Portugal,EMEA,No
aperturetours.com,aperturetours-melbourne,2,lead_jVeC3yyTZqxGD3xM53H6SMXqTcdn9ux5UFMsqChA5jw,Edinburgh,United Kingdom,EMEA,No
huifkarbedrijf-terpstra.nl,huifkarbedrijf-terpstra,2,lead_kXzkqGLM1b7pi3clukGeVA4EiJ6Wl68Ul89y0Sv3xNl,Hoorn,Netherlands,EMEA,No
cartuxa.pt,cartuxa,2,lead_mKiX3lIVt7MyLuzWUrC0IptRcP8GXSAFjAnyAP48hzK,Evora,Portugal,EMEA,No
aperturetours.com,aperturetours-paris,2,lead_jVeC3yyTZqxGD3xM53H6SMXqTcdn9ux5UFMsqChA5jw,Lisbon,Portugal,EMEA,No
aperturetours.com,aperturetours-london,2,lead_jVeC3yyTZqxGD3xM53H6SMXqTcdn9ux5UFMsqChA5jw,Rome,Italy,EMEA,No
aperturetours.com,aperturetours-sydney,2,lead_jVeC3yyTZqxGD3xM53H6SMXqTcdn9ux5UFMsqChA5jw,Venice,Italy,EMEA,No
aperturetours.com,aperturetours-singapore,2,lead_jVeC3yyTZqxGD3xM53H6SMXqTcdn9ux5UFMsqChA5jw,Lisbon,Portugal,EMEA,No
scotlandtrips.international,scotlandtrips,2,lead_mPUgDy8IVWWOtKsu2DqwGEzQwOMXiSWjbutgmidHivY,Edinburgh,United Kingdom,EMEA,No
ranxosesroques.com,ranxosesroques,2,lead_oU7HzUKZWBtcqDrPfMS3Hh5aB0JdwKzawNaX2l95HIt,Port d'Alcúdia,Spain,EMEA,No
rib-rides.gr,rib-rides-gr,2,lead_up7IeS513uXMAIaOyXeu5rSJP9tDYCyPQYM0bjMZNIh,Milos,Greece,EMEA,No
douroacima.pt,douroacima,3,lead_Fu66wC08q5m6ozvo1armKwo2m5pDSyEGyO03Yrak232,Porto,Portugal,EMEA,No
player-ready.co.uk,playerready-weymouth,2,lead_Gc77l3VlEL1q4jeZXXLBew17SH6FRavJzaevZtqDY27,Redruth,United Kingdom,EMEA,No
nellim.fi,wildernesshotel-nangu,3,lead_UCJ2hAEJCmXpZoWFVXhcbVhszvXTzNv7t22i7jwIAxh,Nellim,Finland,EMEA,No
excursionboatsorrento.com,excursionboatsorrento,2,lead_YEf5gUBOczfmpgC5FhvwL6BI0RBhvVrXDd8EjVub3pP,Sorrento,Italy,EMEA,No
lamarewineestate.com,la-mare-wine-estate,2,lead_n5dFrdASVufTdKWzyB78KIR8XdZQN0JaCZMMRVK1ujf,St. Mary,Jersey,EMEA,No
trampolini.de,trampolini,2,lead_pngXlyoLzooUuduQKKUvfS14vV2CGqJhnbqz8wQRBU3,Merzig,Germany,EMEA,No
algarvecharters.com,algarvecharters,3,lead_rP6y857cqmzaJLgU0VEIrisrna8GWWppn245GhX0okN,Albufeira,Portugal,EMEA,No
smidtje.nl,smidtje,3,lead_Bf2oBB1KyeysNE6Xr8DUrjqrI8ZzLwU0F3Ng8J2vDn2,Amsterdam,Netherlands,EMEA,No
trinity-yachting.gr,trinity-yachting,3,lead_DSMoL5cR0GUcnDucI85d4DCvp00F0Y8La8LVR0ibYdc,Adamas,Greece,EMEA,No
onetenkitesurfing.com,onetenkitesurfing,2,lead_DeqQWrslaUqsT70l2AyimkhYCYwtZJ896eEW6Vf1ARQ,Weymouth,United Kingdom,EMEA,No
player-ready.co.uk,playerready-truro,2,lead_Gc77l3VlEL1q4jeZXXLBew17SH6FRavJzaevZtqDY27,Portsmouth,United Kingdom,EMEA,No
pictatravel.com,pictatravel,3,lead_HMdifiVKVIhddw4EDkmR4VTTYWgVRpOnEgivquBEZtE,Lisbon,Portugal,EMEA,No
magheramorneestate.com,magheramorneestate,2,lead_HoYBsRdBLQ1nu5hWMw3zD0e9VFNrBJ5KYEsChW1siA2,Larne,United Kingdom,EMEA,No
antwerpbybike.be,antwerpbybike,2,lead_K0BujSi00ifVJT1Zw2Sk6hnMgqiXZIq2wJUteWFGGPB,Antwerp,Belgium,EMEA,No
shiverpool.co.uk,shiverpool,2,lead_KNK3MmbozaLB5Sa1TbkqrxJXwUM7GT054oNI5vjPKpJ,Liverpool,United Kingdom,EMEA,No
copenhagen.foodtours.eu,foodtoursdkk,2,lead_Kp3zNCRF285NKlQTdjVaThX66ZEvo43oo3iyBZkDeCU,Copenhagen,Denmark,EMEA,No
ungeneva.org,ungeneva,3,lead_tLnlaJ31SzGXHoYIdE8TZNCp0XoHumkqZu7FUTqWPYL,Geneva,Switzerland,EMEA,No
upsidedownhouse.co.uk,upsidedownhouse-bournemouth,3,lead_tyWhJ8HgPw4SjK767UWFv1P4qM4DiiiUQzOol4rI594,Bournemouth,United Kingdom,EMEA,No
e-boats.nl,e-boats,4,lead_uBlYv7I7u6BmmircNpTlvgt3mmXcJpnil5IEi4m6JdG,Amsterdam,Netherlands,EMEA,No
mijasbuggys.com,mijasbuggys,2,lead_MP1meaRVQYqn7QFUKkxbpJ9bDrPtqdTm74hoCnu1DEJ,La Cala de Mijas,Spain,EMEA,No
voyagerseville.com,voyagerseville,2,lead_M4Yf0Ou89Ij0CyeSBWsoe6qvX3ntbZh3bjM5709Koom,Seville,Spain,EMEA,No
lowcostbikerental.com,lowcostbikerental,2,lead_NEdsrC4SXObrwSOGKRd96NUOtSwvh2QxqHTfZpuFd9l,Valencia,Spain,EMEA,No
antoniomacanita.com,antoniomacanita,2,lead_OzzJ1OUNHZ9806qvfqbEtLYDCJ4vFT18pHXb2xQqeTx,Evora,Portugal,EMEA,No
bikethecity.it,bikethecity-milan,2,lead_M4E9apt67OF4TqG8a57tJiGBUBZTrZVs1gy7akvhae8,Turin,Italy,EMEA,No
bristolchristmasmarket.com,bristolchristmasmarket,2,lead_M6VmsIZhsU0Oe0oaZsCT1eJP01Ad5bx61VIWHgkvzvV,Bristol,United Kingdom,EMEA,No
galar.org,galar,2,lead_OaGPdmxIyaSBNEA9hMYZ8a1hQpdTGjbZhDukkukMfrG,Gdańsk,Poland,EMEA,No
laterrazadelcristina.com,laterrazadelcristina,2,lead_PA2zaA2a5o5bIROwMFpsjXljrkmmHNtX3nrJqmIIpRT,Seville,Spain,EMEA,No
teamactivities.com,teamactivities,2,lead_S48RnvkDC3uXgSZw2VnOICRLkRelgh7n0RrYxvJWqCx,,United Kingdom,EMEA,No
galwaytourcompany.com,galwaytourcompany,3,lead_hXbBLMCePGwPNxLRoXAh6kTIUeGMZAsHsUJSEyMhwHz,Galway,Ireland,EMEA,No
www.Hqairsoft.co.uk,ams-hqairsoft,2,lead_k61qs5IDI7I4WDh6XlpjAWuC0xpTa45qf6LBj7CagTr,Hull,United Kingdom,EMEA,No
atenteaute.com,atenteaute,2,lead_niiAZyAeHieQHd9Uag6dcCNqkIhb61Edl776XIpoJNj,Paris,France,EMEA,No
turismehostalric.cat,visitahostalric,2,lead_tS3ZCYMDpZmUUwOv5N3sF5c3NgGXOgA48z3e8v7rocg,Hostalric,Spain,EMEA,No
actionfuerteventura.com,fuertetrips-sl,2,lead_TFVLJniEzPIE2pkkjPbJXl62THx0SFv9ZlF9pOpmFSO,Esquinzo,Spain,EMEA,No
granadalternativa.com,granadalternativa,2,lead_UNFaMihUGPk54XKUwtakgBzP6prdeBsDHuh7OTunwWt,Granada,Spain,EMEA,No
dourocaptain.com,dourocaptain,2,lead_KAZcuQPX0raM7As04M5ic7mziCh9gz90PtG1nulMjKO,Porto,Portugal,EMEA,No
https://www.saalerastplatz.de/,saalerastplatz,2,lead_KXC3OF2ASaXsS5uXHA0nyRj8pVHCdRPvLi9nQhf40Q8,Dornburg-Camburg,Germany,EMEA,No
captains-tours.gr,captains-tours,3,lead_7lAWdfoWA0ZNa8ur7lBiPrhRE1w3R10iCfzpjTT939q,Lindos,Greece,EMEA,No
catedralsegovia.es,catedralsegovia,2,lead_PGAJ3Nd3qtdyBNwaF3htPDRGVz7k4jZ0VsMF6a2clrJ,Segovia‎,Spain,EMEA,No
inoutbarcelonatours.com,inoutbarcelona,4,lead_QkYHwV2TU5l6FhWkdPwatEBo8sA2xoh3M6RSO2SsxPy,Barcelona,Spain,EMEA,No
riverseverncanoes.co.uk,riverseverncanoes,2,lead_sKKFsTW7Zal8DjmV7UK3ERFkW0V43mH05Vwc72OLkvZ,Bridgnorth,United Kingdom,EMEA,No
silentadventures.com,silentadventures,2,lead_U7254kMp4YlHxICG7GmrdwETpIJQFKpvaGe4YqlIteV,Edinburgh,United Kingdom,EMEA,No
turmx.de,turmx,2,lead_KO9BJy9uTv680pRzBMduUbf47EU3tO2yE2S41Ww0N69,Bruhl,Germany,EMEA,No
christmasincambridge.co.uk,christmasincambridge,2,lead_Me5PNLyTQ5TZPJBdVwgzhZ2mCKbwfsOX73DQfkWAr3I,Cambridge,United Kingdom,EMEA,No
thenestnantwich.uk,thenestnantwich,2,lead_MpVBjo25KsPc7jqKWtQeyX3vjSoIqRUJ52Eg1G0s53W,Cheshire,United Kingdom,EMEA,No
donpancho.org,donpancho,2,lead_rzgbuojWSljlAetuhx1qNhIIBCVtQvxxJoPGHG4u5xr,Roses,Spain,EMEA,No
boatingporto.com,boatingporto,2,lead_HEBTCvdceCNC65IDYyfDBSGTnmEhiIv97WmrsH73I1T,Porto,Portugal,EMEA,No
celticquestcoasteering.com,celticquestcoasteering,2,lead_D0IeqlBSqyjbmxUXdQ1fFelh5Y3xmsU58C6M9GTDRol,Haverfordwest,United Kingdom,EMEA,No
skinewmilns.com,newmilnssnowandsportscomplex,2,lead_EAQT6A10ecvQVLudzwPi7WqHnhCfYYWCLhSxKmwy75y,Newmilns,United Kingdom,EMEA,No
levelupbrugge.com,levelupbrugge,2,lead_EgbjnrTSIY8dmmLpGeyE1nkaOJU6AC835qJAxi2ybRm,Brugge,Belgium,EMEA,No
valenciabikes.com,valenciabikes,2,lead_GB4RzwoYSDLk6ViVEzdGX4pFePY9NZPnxDrJ11RWsFR,Valencia,Spain,EMEA,No
player-ready.co.uk,playerready-exeter,2,lead_Gc77l3VlEL1q4jeZXXLBew17SH6FRavJzaevZtqDY27,Truro,United Kingdom,EMEA,No
mykonoscatamaran.com,mykonoscatamaran,2,lead_GfUnu2QEXwq2p8xdotNfcnHKoyJ2kBsFN8pCBH3UxxI,Mykonos,Greece,EMEA,No
porofarmi.com,porofarmi,2,lead_K6S9GWy8bywNlXYUT6X69CMIe7krMgJo6zJypBrt1Mh,Saariselka,Finland,EMEA,No
shiverpool.co.uk,shiverpool2,2,lead_KNK3MmbozaLB5Sa1TbkqrxJXwUM7GT054oNI5vjPKpJ,Liverpool,United Kingdom,EMEA,No
romevaticancity.com,romevaticancity,2,lead_1K4BKDppnNfRFmvORTsLZgaBNu62dlvsscx00eo9QIB,Rome,Italy,EMEA,No
chateaudepressac.com,chateaudepressac,2,lead_1TYAyYsK0FeY2WfM1Anjadnk7KMwK8SdLNTiPriJnGm,Saint-Etienne-de-Lisse,France,EMEA,No
adventurepirate.co.uk,adventurepirate,2,lead_XKKEuKSdMFZPGnQmJvyDPpKShcglgPGTiv92lH4QDmj,Lytchett Minster Poole,United Kingdom,EMEA,No
amalficharter.it,amalficharter,2,lead_XrEiNiR52d7sZI3uVz7aJS5Jbt2OObDSWGhujySJJTK,Minori,Italy,EMEA,No
twicebrewedinn.co.uk,twicebrewedinn,2,lead_BOvEOGKSRYElHhUKEPkYFqIBNjzm7mZCfhCiiTdmq7S,Hexham,United Kingdom,EMEA,No
www.hookedonlofoten.com,hookedonlofoten,2,lead_EFoA5uIewPmVmAfz4aip6DXf4v4hrbqToIsl8MzFwGA,Kabelvag,Norway,EMEA,No
akwildlifecruises.co.uk,akwildlifecruises,2,lead_F5XMr5JhvsZwnXQIyi8STm0R92To4mWyI5Ll1kAT7VM,Falmouth,United Kingdom,EMEA,No
discoveryguidedtours.com,discoveryguidedtours,2,lead_N9LvAldmGEDtb6SRvHZcd0wKQC08i2q4p8wgY9szwqU,Trevignano,Italy,EMEA,No
sondevela.com,sondevela,2,lead_JOFKveBaNXE73cDrhxt4ejPJR1qzjS1bsmEB2XSKu57,Barcelona,Spain,EMEA,No
antoniomacanita.com,azoreswinecompany,2,lead_OzzJ1OUNHZ9806qvfqbEtLYDCJ4vFT18pHXb2xQqeTx,Pico,Portugal,EMEA,No
ourmadeira.com,ourmadeira,2,lead_Po0SF6QDPZ5N3R7xMycUUQWTSETeJpYBeckX8gBx4PQ,Funchal,Portugal,EMEA,No
poppysperfectpups.co.uk,poppysperfectpups,2,lead_S88UqdQ3ULXuN1pHimaW1VCcmCDUVb1NMoR9Y0ns9NK,Durham,United Kingdom,EMEA,No
coombestables.com,coombestables,2,lead_SOmJzQft7OX8zOKS6SZpMihcYRAwPekQolgIBJ1ZypR,Sway,United Kingdom,EMEA,No
adventureribs.co.uk,adventureribs,3,lead_4Yx0tu5GQvJWAw1Tx19NKsVIKyBQIs7Ob9QD5Rd2Rg5,Ilfracombe,United Kingdom,EMEA,No
guideintour.it,guideintour,2,lead_IwnENRyg0wQHI7i2K2vEGUAIIELxc9UmX25PPnbCksT,Berlin,Germany,EMEA,No
jetstreamtours.com,jetstreamtours,2,lead_KZ7ZfNI1mgJdE3q8fFcMLdWg3PHO13nY1q4ORIqF0A9,Kent,United Kingdom,EMEA,No
discoverypisa.com,discoverypisa,2,lead_LRnWXRIanmmnqS0JYEdw8ZEasA5ZnZfBfBWtMIHK8yW,Pisa,Italy,EMEA,No
mtb-rental.com,mtb-rental,2,lead_LtlDQZRgAiYOgIq7dh8MXCxD2nAcm7r7JH35qcrCjDS,Hilversum,Netherlands,EMEA,No
h2olanzarote.com,waveriderlanzarote,3,lead_MNQ9VQay5f7xnwP00g2LHxbRXQnNr229Pxf6e2jcAJ5,Costa Teguise,Spain,EMEA,No
weareworldexperience.com,webarcelona,4,lead_W3kV3pCkrhm3qGY8nLLawMagyyPtsecmTYk38DdGp6s,Barcelona,Spain,EMEA,No
virtuabarcelona.com,virtuabarcelona,2,lead_XBQZEeUUPItGoRyq0vhkgwgaEeMxPDiPxlWXGpIu7DG,Barcelona,Spain,EMEA,No
winter-island.dk,winterislandcph,3,lead_KKZabipW2WpcgbktQdaAVUA0XkhbjqBFCNfswUShsvj,Copenhagen,Denmark,EMEA,No
bellagioboattour.com,bellagioboattour,2,lead_BCO6MfEFEuXUntcGCtsGQuGMLNRVA9HXHtM9MMgcvon,Bellagio,Italy,EMEA,No
algarvecartours.com,algarvecartours,2,lead_Ed5U3cruVnooFg1QMeAgoCC8PfDjRNRnPWBE6ieHUUQ,Faro,Portugal,EMEA,No
erfahrungsfeld.de,erfahrungsfeld,2,lead_K0AlFczMtrE5eXx3K9xyYhITMztXW08ZkKtE3L2IYql,Essen,Germany,EMEA,No
degrootrecreatie.nl,degrootrecreatie,2,lead_M6rSeEdIsAZFGsnJVzzGn7EopsLZ1Ksu9u7kBO3A8zg,Den Oever,Netherlands,EMEA,No
berlengatur.com,berlengatur,2,lead_4XXRPrpqGiO2Y3TfHXqNInbGbOdoJ3rSHmuiA6154vI,Lugar da Estrada,Portugal,EMEA,No
santorini-excursions.com,santorini-excursions,2,lead_4aZL7nabqeMwHAoDTrgzGwus0U70hy98iHTm86A1uY6,Thera,Greece,EMEA,No
notosmare.com,notosmare,3,lead_5OJcdIaaVX8sLBglFaBGqmtIz4uDRowEcfbnwsrFw6J,Chania,Greece,EMEA,No
jacobite.co.uk,jacobite,4,lead_bj3Ln7YxiYFETAtnOdh46kLixfOP1Is3TlP3hwVhVOg,Dochgarroch,United Kingdom,EMEA,No
ikapitein.nl,ikapitein,2,lead_RLDxGpYyz35v12m8AI85qlokvJcS2qivbwIdgI3DhGM,Rotterdam,Netherlands,EMEA,No
westminstertour.com,westminstertour,3,lead_vE1Ueyee86ofzRteoH51xF93FJVMN35aNbtPEC44zP5,London,United Kingdom,EMEA,No
cooknwithclass.com,cooknwithclass,3,lead_yZB2nIsT3b3MfuATd2Lk3ByKySjOw5Iyy9J2w1CpYRR,Paris,France,EMEA,No
upsidedownhouse.co.uk,upsidedownhousewestfield,3,lead_tyWhJ8HgPw4SjK767UWFv1P4qM4DiiiUQzOol4rI594,Newcastle upon Tyne,United Kingdom,EMEA,No
upsidedownhouse.co.uk,upsidedownhouse-metrocentre,3,lead_tyWhJ8HgPw4SjK767UWFv1P4qM4DiiiUQzOol4rI594,Bristol,United Kingdom,EMEA,No
glowgolf.de,glowgolf,2,lead_K0AlFczMtrE5eXx3K9xyYhITMztXW08ZkKtE3L2IYql,Peenemünde,Germany,EMEA,No
tripixazores.com,tripixazores,2,lead_FsjX0mrNpQfxPu3MBGSfsDvFaJWesAGULFPDMBhlx5G,Acores,Portugal,EMEA,No
deadcentretours.com,deadcentretours,2,lead_Ikg941fdfNbOgGu3FQ1OTpMN29MeN9QJj5wmWkiJlQ8,Belfast,United Kingdom,EMEA,No
briticontours.com,briticontours,3,lead_LxTekjFpCL5AejlPCC7aDbAfBNDSQPTYOEGsjvbRM3v,London,United Kingdom,EMEA,No
dunnottarcastle.co.uk,dunnottarcastle,2,lead_G7LvhU1GjUWWz5kBrK36dxWChyj4Ru8qMYeAk9LgleN,Stonehaven,United Kingdom,EMEA,No
abenteuer-im-wald.de,abenteuer-im-wald,2,lead_9jh9dFiU8twjQSvMVDSiImpVgUUqq5xXNoMqgoOOqt3,Kenzingen,Germany,EMEA,No
medusacruises.com,medusacruises,2,lead_BK92Tc1P7xWwss5sQZpUfZWRQl2WXWMYMAyhDwkqGfE,Paralimni,Cyprus,EMEA,No
invergordon-bustours.com,invergordon-bustours,2,lead_BbyWZ10DtUoBeTWzBJXRsWCpcqawf2V36y0qaiOaI2u,Invergordon,United Kingdom,EMEA,No
etnadiscovery.com,etnadiscovery,2,lead_F8qJMLZbOYj88Edhr1L9bPcEx2zoSDYpy7Hn4Q86ZSS,Trecastagni,Italy,EMEA,No
marlowboating.co.uk,marlowboating,2,lead_4dXwBdgn9qToelBT9cdAhQKV3AcsNKTtZM0TmOCHcPy,Marlow,United Kingdom,EMEA,No